[
    {
        "inputs": [
            { "internalType": "address", "name": "_driver", "type": "address" },
            { "internalType": "address", "name": "_user", "type": "address" },
            { "internalType": "uint256", "name": "_amount", "type": "uint256" }
        ],
        "name": "createRide",
        "outputs": [],
        "stateMutability": "nonpayable",
        "type": "function"
    },
    {
        "inputs": [
            { "internalType": "uint256", "name": "_rideId", "type": "uint256" }
        ],
        "name": "completeRide",
        "outputs": [],
        "stateMutability": "nonpayable",
        "type": "function"
    },
    {
        "inputs": [
            { "internalType": "uint256", "name": "_rideId", "type": "uint256" }
        ],
        "name": "getRide",
        "outputs": [
            {
                "components": [
                    { "internalType": "uint256", "name": "id", "type": "uint256" },
                    { "internalType": "address", "name": "driver", "type": "address" },
                    { "internalType": "address", "name": "user", "type": "address" },
                    { "internalType": "uint256", "name": "amount", "type": "uint256" },
                    { "internalType": "bool", "name": "completed", "type": "bool" }
                ],
                "internalType": "struct RidePayment.Ride",
                "name": "",
                "type": "tuple"
            }
        ],
        "stateMutability": "view",
        "type": "function"
    }
]
